run_id,attack,model,dataset,input_index,sentence_index,reference,prediction,rouge1_fm,rouge2_fm,rougeL_fm,exact_match,token_acc,padded_token_acc,pred_len,ref_len
8bf39e48012a,hybrid_ce,gpt2,sst2,0,0,it confirms fincher's status as a film maker who artfully bends technical know-how to the service of psychological insight. ,it confirms fincher's status as a film maker who artfully bends technical know-how to the service of psychological insight. ,1.0,1.0,1.0,1,1.0,1.0,26,26
8bf39e48012a,hybrid_ce,gpt2,sst2,0,1,too much of it feels unfocused and underdeveloped. ,too much of it feels unfocused and underdeveloped. ,1.0,1.0,1.0,1,1.0,1.0,11,11
8bf39e48012a,hybrid_ce,gpt2,sst2,1,0,a great ensemble cast can't lift this heartfelt enterprise out of the familiar. ,a great ensemble cast can't lift this heartfelt enterprise out of the familiar. ,1.0,1.0,1.0,1,1.0,1.0,16,16
8bf39e48012a,hybrid_ce,gpt2,sst2,1,1,"prurient playthings aside, there's little to love about this english trifle. ","prurient playthings aside, there's little to love about this english trifle. ",1.0,1.0,1.0,1,1.0,1.0,19,19
8bf39e48012a,hybrid_ce,gpt2,sst2,2,0,"it moves quickly, adroitly, and without fuss ; it doesn't give you time to reflect on the inanity -- and the cold war datedness -- of its premise. ","it moves quickly, adroitly, and without fuss ; it doesn't give you time to reflect on the inanity -- and the cold war datedness -- of its premise. ",1.0,1.0,1.0,1,1.0,1.0,37,37
8bf39e48012a,hybrid_ce,gpt2,sst2,2,1,"it proves quite compelling as an intense, brooding character study. ","it proves quite compelling as an intense, brooding character study. ",1.0,1.0,1.0,1,1.0,1.0,14,14
8bf39e48012a,hybrid_ce,gpt2,sst2,3,0,bogdanovich tantalizes by offering a peep show into the lives of the era's creme de la celluloid. ,bogdanovich tantalizes by offering a peep show into the lives of the era's creme de la celluloid. ,1.0,1.0,1.0,1,1.0,1.0,27,27
8bf39e48012a,hybrid_ce,gpt2,sst2,3,1,looks and feels like a project better suited for the small screen. ,looks and feels like a project better suited for the small screen. ,1.0,1.0,1.0,1,1.0,1.0,15,15
8bf39e48012a,hybrid_ce,gpt2,sst2,4,0,verbinski implements every hack-artist trick to give us the ooky-spookies. ,verbinski implements every hack-artist trick to give us the ooky-spookies. ,1.0,1.0,1.0,1,1.0,1.0,20,20
8bf39e48012a,hybrid_ce,gpt2,sst2,4,1,"this is a good script, good dialogue, funny even for adults. ","this is a good script, good dialogue, funny even for adults. ",1.0,1.0,1.0,1,1.0,1.0,15,15
8bf39e48012a,hybrid_ce,gpt2,sst2,5,0,a painfully funny ode to bad behavior. ,a painfully funny ode to bad behavior. ,1.0,1.0,1.0,1,1.0,1.0,10,10
8bf39e48012a,hybrid_ce,gpt2,sst2,5,1,"there is a fabric of complex ideas here, and feelings that profoundly deepen them. ","there is a fabric of complex ideas here, and feelings that profoundly deepen them. ",1.0,1.0,1.0,1,1.0,1.0,17,17
8bf39e48012a,hybrid_ce,gpt2,sst2,6,0,the overall effect is less like a children's movie than a recruitment film for future hollywood sellouts. ,the overall effect is less like a children's movie than a recruitment film for future hollywood sellouts. ,1.0,1.0,1.0,1,1.0,1.0,22,22
8bf39e48012a,hybrid_ce,gpt2,sst2,6,1,"as the two leads, lathan and diggs are charming and have chemistry both as friends and lovers. ","as the two leads, lathan and diggs are charming and have chemistry both as friends and lovers. ",1.0,1.0,1.0,1,1.0,1.0,22,22
8bf39e48012a,hybrid_ce,gpt2,sst2,7,0,"the title not only describes its main characters, but the lazy people behind the camera as well. ","the title not only describes its main characters, but the lazy people behind the camera as well. ",1.0,1.0,1.0,1,1.0,1.0,20,20
8bf39e48012a,hybrid_ce,gpt2,sst2,7,1,zhang... has done an amazing job of getting realistic performances from his mainly nonprofessional cast. ,zhang... has done an amazing job of getting realistic performances from his mainly nonprofessional cast. ,1.0,1.0,1.0,1,1.0,1.0,20,20
8bf39e48012a,hybrid_ce,gpt2,sst2,8,0,"not only is undercover brother as funny, if not more so, than both austin powers films, but it's also one of the smarter, savvier spoofs to come along in some time. ","not only is undercover brother as funny, if not more so, than both austin powers films, but it's also one of the smarter, savvier spoofs to come along in some time. ",1.0,1.0,1.0,1,1.0,1.0,41,41
8bf39e48012a,hybrid_ce,gpt2,sst2,8,1,"beautifully observed, miraculously unsentimental comedy-drama. ","beautifully observed, miraculously unsentimental comedy-drama. ",1.0,1.0,1.0,1,1.0,1.0,15,15
8bf39e48012a,hybrid_ce,gpt2,sst2,9,0,"the last 20 minutes are somewhat redeeming, but most of the movie is the same teenage american road-trip drek we've seen before - only this time you have to read the fart jokes ","the last 20 minutes are somewhat redeeming, but most of the movie is the same teenage american road-trip drek we've seen before - only this time you have to read the fart jokes ",1.0,1.0,1.0,1,1.0,1.0,41,41
8bf39e48012a,hybrid_ce,gpt2,sst2,9,1,if you dig on david mamet's mind tricks... rent this movie and enjoy! ,if you dig on david mamet's mind tricks... rent this movie and enjoy! ,1.0,1.0,1.0,1,1.0,1.0,19,19
8bf39e48012a,hybrid_ce,gpt2,sst2,10,0,"for all its impressive craftsmanship, and despite an overbearing series of third-act crescendos, lily chou-chou never really builds up a head of emotional steam. ","for all its impressive craftsmanship, and despite an overbearing series of third-act crescendos, lily chou-chou never really builds up a head of emotional steam. ",1.0,1.0,1.0,1,1.0,1.0,40,40
8bf39e48012a,hybrid_ce,gpt2,sst2,10,1,"yes, dull. ","yes, dull. ",1.0,1.0,1.0,1,1.0,1.0,5,5
8bf39e48012a,hybrid_ce,gpt2,sst2,11,0,"shaky close-ups of turkey-on-rolls, stubbly chins, liver spots, red noses and the filmmakers new bobbed do draw easy chuckles but lead nowhere. ","shaky close-ups of turkey-on-rolls, stubbly chins, liver spots, red noses and the filmmakers new bobbed do draw easy chuckles but lead nowhere. ",1.0,1.0,1.0,1,1.0,1.0,39,39
8bf39e48012a,hybrid_ce,gpt2,sst2,11,1,the second coming of harry potter is a film far superior to its predecessor. ,the second coming of harry potter is a film far superior to its predecessor. ,1.0,1.0,1.0,1,1.0,1.0,18,18
8bf39e48012a,hybrid_ce,gpt2,sst2,12,0,"if you're hard up for raunchy college humor, this is your ticket right here. ","if you're hard up for raunchy college humor, this is your ticket right here. ",1.0,1.0,1.0,1,1.0,1.0,20,20
8bf39e48012a,hybrid_ce,gpt2,sst2,12,1,"nonsensical, dull `` cyber-horror '' flick is a grim, hollow exercise in flat scares and bad acting. ","nonsensical, dull `` cyber-horror '' flick is a grim, hollow exercise in flat scares and bad acting. ",1.0,1.0,1.0,1,1.0,1.0,26,26
8bf39e48012a,hybrid_ce,gpt2,sst2,13,0,"a delectable and intriguing thriller filled with surprises, read my lips is an original. ","a delectable and intriguing thriller filled with surprises, read my lips is an original. ",1.0,1.0,1.0,1,1.0,1.0,19,19
8bf39e48012a,hybrid_ce,gpt2,sst2,13,1,"thanks to scott's charismatic roger and eisenberg's sweet nephew, roger dodger is one of the most compelling variations on in the company of men. ","thanks to scott's charismatic roger and eisenberg's sweet nephew, roger dodger is one of the most compelling variations on in the company of men. ",1.0,1.0,1.0,1,1.0,1.0,35,35
8bf39e48012a,hybrid_ce,gpt2,sst2,14,0,there's no emotional pulse to solaris. ,there's no emotional pulse to solaris. ,1.0,1.0,1.0,1,1.0,1.0,10,10
8bf39e48012a,hybrid_ce,gpt2,sst2,14,1,"a fast, funny, highly enjoyable movie. ","a fast, funny, highly enjoyable movie. ",1.0,1.0,1.0,1,1.0,1.0,10,10
8bf39e48012a,hybrid_ce,gpt2,sst2,15,0,"too restrained to be a freak show, too mercenary and obvious to be cerebral, too dull and pretentious to be engaging... the isle defies an easy categorization. ","too restrained to be a freak show, too mercenary and obvious to be cerebral, too dull and pretentious to be engaging... the isle defies an easy categorization. ",1.0,1.0,1.0,1,1.0,1.0,36,36
8bf39e48012a,hybrid_ce,gpt2,sst2,15,1,an unwise amalgam of broadcast news and vibes. ,an unwise amalgam of broadcast news and vibes. ,1.0,1.0,1.0,1,1.0,1.0,13,13
8bf39e48012a,hybrid_ce,gpt2,sst2,16,0,"a pleasant enough romance with intellectual underpinnings, the kind of movie that entertains even as it turns maddeningly predictable. ","a pleasant enough romance with intellectual underpinnings, the kind of movie that entertains even as it turns maddeningly predictable. ",1.0,1.0,1.0,1,1.0,1.0,29,29
8bf39e48012a,hybrid_ce,gpt2,sst2,16,1,"it's not original, and, robbed of the element of surprise, it doesn't have any huge laughs in its story of irresponsible cops who love to play pranks. ","it's not original, and, robbed of the element of surprise, it doesn't have any huge laughs in its story of irresponsible cops who love to play pranks. ",1.0,1.0,1.0,1,1.0,1.0,35,35
8bf39e48012a,hybrid_ce,gpt2,sst2,17,0,it's hard to imagine alan arkin being better than he is in this performance. ,it's hard to imagine alan arkin being better than he is in this performance. ,1.0,1.0,1.0,1,1.0,1.0,19,19
8bf39e48012a,hybrid_ce,gpt2,sst2,17,1,"dazzles with its fully-written characters, its determined stylishness ( which always relates to characters and story ) and johnny dankworth's best soundtrack in years. ","dazzles with its fully-written characters, its determined stylishness ( which always relates to characters and story ) and johnny dankworth's best soundtrack in years. ",1.0,1.0,1.0,1,1.0,1.0,36,36
8bf39e48012a,hybrid_ce,gpt2,sst2,18,0,"fun, flip and terribly hip bit of cinematic entertainment. ","fun, flip and terribly hip bit of cinematic entertainment. ",1.0,1.0,1.0,1,1.0,1.0,12,12
8bf39e48012a,hybrid_ce,gpt2,sst2,18,1,the movie fails to live up to the sum of its parts. ,the movie fails to live up to the sum of its parts. ,1.0,1.0,1.0,1,1.0,1.0,14,14
8bf39e48012a,hybrid_ce,gpt2,sst2,19,0,one of the more intelligent children's movies to hit theaters this year. ,one of the more intelligent children's movies to hit theaters this year. ,1.0,1.0,1.0,1,1.0,1.0,15,15
8bf39e48012a,hybrid_ce,gpt2,sst2,19,1,corpus collosum -- while undeniably interesting -- wore out its welcome well before the end credits rolled about 45 minutes in. ,corpus collosum -- while undeniably interesting -- wore out its welcome well before the end credits rolled about 45 minutes in. ,1.0,1.0,1.0,1,1.0,1.0,27,27
8bf39e48012a,hybrid_ce,gpt2,sst2,20,0,the performances take the movie to a higher level. ,the performances take the movie to a higher level. ,1.0,1.0,1.0,1,1.0,1.0,11,11
8bf39e48012a,hybrid_ce,gpt2,sst2,20,1,"one of those pictures whose promising, if rather precious, premise is undercut by amateurish execution. ","one of those pictures whose promising, if rather precious, premise is undercut by amateurish execution. ",1.0,1.0,1.0,1,1.0,1.0,20,20
8bf39e48012a,hybrid_ce,gpt2,sst2,21,0,a compelling spanish film about the withering effects of jealousy in the life of a young monarch whose sexual passion for her husband becomes an obsession. ,a compelling spanish film about the withering effects of jealousy in the life of a young monarch whose sexual passion for her husband becomes an obsession. ,1.0,1.0,1.0,1,1.0,1.0,30,30
8bf39e48012a,hybrid_ce,gpt2,sst2,21,1,uses high comedy to evoke surprising poignance. ,uses high comedy to evoke surprising poignance. ,1.0,1.0,1.0,1,1.0,1.0,11,11
8bf39e48012a,hybrid_ce,gpt2,sst2,22,0,it has all the excitement of eating oatmeal. ,it has all the excitement of eating oatmeal. ,1.0,1.0,1.0,1,1.0,1.0,11,11
8bf39e48012a,hybrid_ce,gpt2,sst2,22,1,"feature debuter d.j. caruso directs a crack ensemble cast, bringing screenwriter tony gayton's narcotics noir to life. ","feature debuter d.j. caruso directs a crack ensemble cast, bringing screenwriter tony gayton's narcotics noir to life. ",1.0,1.0,1.0,1,1.0,1.0,31,31
8bf39e48012a,hybrid_ce,gpt2,sst2,23,0,"the old-world - meets-new mesh is incarnated in the movie's soundtrack, a joyful effusion of disco bollywood that, by the end of monsoon wedding, sent my spirit soaring out of the theater. ","the old-world - meets-new mesh is incarnated in the movie's soundtrack, a joyful effusion of disco bollywood that, by the end of monsoon wedding, sent my spirit soaring out of the theater. ",1.0,1.0,1.0,1,1.0,1.0,46,46
8bf39e48012a,hybrid_ce,gpt2,sst2,23,1,"an important movie, a reminder of the power of film to move us and to make us examine our values. ","an important movie, a reminder of the power of film to move us and to make us examine our values. ",1.0,1.0,1.0,1,1.0,1.0,23,23
8bf39e48012a,hybrid_ce,gpt2,sst2,24,0,it's a bit disappointing that it only manages to be decent instead of dead brilliant. ,it's a bit disappointing that it only manages to be decent instead of dead brilliant. ,1.0,1.0,1.0,1,1.0,1.0,18,18
8bf39e48012a,hybrid_ce,gpt2,sst2,24,1,it's not the ultimate depression-era gangster movie. ,it's not the ultimate depression-era gangster movie. ,1.0,1.0,1.0,1,1.0,1.0,13,13
8bf39e48012a,hybrid_ce,gpt2,sst2,25,0,"it has the charm of the original american road movies, feasting on the gorgeous, ramshackle landscape of the filmmaker's motherland. ","it has the charm of the original american road movies, feasting on the gorgeous, ramshackle landscape of the filmmaker's motherland. ",1.0,1.0,1.0,1,1.0,1.0,30,30
8bf39e48012a,hybrid_ce,gpt2,sst2,25,1,"the vitality of the actors keeps the intensity of the film high, even as the strafings blend together. ","the vitality of the actors keeps the intensity of the film high, even as the strafings blend together. ",1.0,1.0,1.0,1,1.0,1.0,23,23
8bf39e48012a,hybrid_ce,gpt2,sst2,26,0,"the movie isn't just hilarious : it's witty and inventive, too, and in hindsight, it isn't even all that dumb. ","the movie isn't just hilarious : it's witty and inventive, too, and in hindsight, it isn't even all that dumb. ",1.0,1.0,1.0,1,1.0,1.0,28,28
8bf39e48012a,hybrid_ce,gpt2,sst2,26,1,"it's difficult to imagine the process that produced such a script, but here's guessing that spray cheese and underarm noises played a crucial role. ","it's difficult to imagine the process that produced such a script, but here's guessing that spray cheese and underarm noises played a crucial role. ",1.0,1.0,1.0,1,1.0,1.0,30,30
8bf39e48012a,hybrid_ce,gpt2,sst2,27,0,"while locals will get a kick out of spotting cleveland sites, the rest of the world will enjoy a fast-paced comedy with quirks that might make the award-winning coen brothers envious. ","while locals will get a kick out of spotting cleveland sites, the rest of the world will enjoy a fast-paced comedy with quirks that might make the award-winning coen brothers envious. ",1.0,1.0,1.0,1,1.0,1.0,41,41
8bf39e48012a,hybrid_ce,gpt2,sst2,27,1,broomfield turns his distinctive ` blundering'style into something that could really help clear up the case. ,broomfield turns his distinctive ` blundering'style into something that could really help clear up the case. ,1.0,1.0,1.0,1,1.0,1.0,25,25
8bf39e48012a,hybrid_ce,gpt2,sst2,28,0,oh come on. ,oh come on. ,1.0,1.0,1.0,1,1.0,1.0,5,5
8bf39e48012a,hybrid_ce,gpt2,sst2,28,1,"awesome creatures, breathtaking scenery, and epic battle scenes add up to another ` spectacular spectacle.'","awesome creatures, breathtaking scenery, and epic battle scenes add up to another ` spectacular spectacle.'",1.0,1.0,1.0,1,1.0,1.0,19,19
8bf39e48012a,hybrid_ce,gpt2,sst2,29,0,"paid in full is so stale, in fact, that its most vibrant scene is one that uses clips from brian de palma's scarface. ","paid in full is so stale, in fact, that its most vibrant scene is one that uses clips from brian de palma's scarface. ",1.0,1.0,1.0,1,1.0,1.0,31,31
8bf39e48012a,hybrid_ce,gpt2,sst2,29,1,"warm water under a red bridge is a quirky and poignant japanese film that explores the fascinating connections between women, water, nature, and sexuality. ","warm water under a red bridge is a quirky and poignant japanese film that explores the fascinating connections between women, water, nature, and sexuality. ",1.0,1.0,1.0,1,1.0,1.0,31,31
8bf39e48012a,hybrid_ce,gpt2,sst2,30,0,the wild thornberrys movie is a jolly surprise. ,the wild thornberrys movie is a jolly surprise. ,1.0,1.0,1.0,1,1.0,1.0,13,13
8bf39e48012a,hybrid_ce,gpt2,sst2,30,1,"the film flat lines when it should peak and is more missed opportunity and trifle than dark, decadent truffle. ","the film flat lines when it should peak and is more missed opportunity and trifle than dark, decadent truffle. ",1.0,1.0,1.0,1,1.0,1.0,25,25
8bf39e48012a,hybrid_ce,gpt2,sst2,31,0,"for the first time in years, de niro digs deep emotionally, perhaps because he's been stirred by the powerful work of his co-stars. ","for the first time in years, de niro digs deep emotionally, perhaps because he's been stirred by the powerful work of his co-stars. ",1.0,1.0,1.0,1,1.0,1.0,31,31
8bf39e48012a,hybrid_ce,gpt2,sst2,31,1,"escaping the studio, piccoli is warmly affecting and so is this adroitly minimalist movie. ","escaping the studio, piccoli is warmly affecting and so is this adroitly minimalist movie. ",1.0,1.0,1.0,1,1.0,1.0,23,23
8bf39e48012a,hybrid_ce,gpt2,sst2,32,0,"a moody, multi-dimensional love story and sci-fi mystery, solaris is a thought-provoking, haunting film that allows the seeds of the imagination to germinate. ","a moody, multi-dimensional love story and sci-fi mystery, solaris is a thought-provoking, haunting film that allows the seeds of the imagination to germinate. ",1.0,1.0,1.0,1,1.0,1.0,39,39
8bf39e48012a,hybrid_ce,gpt2,sst2,32,1,"a celebration of quirkiness, eccentricity, and certain individuals'tendency to let it all hang out, and damn the consequences. ","a celebration of quirkiness, eccentricity, and certain individuals'tendency to let it all hang out, and damn the consequences. ",1.0,1.0,1.0,1,1.0,1.0,29,29
8bf39e48012a,hybrid_ce,gpt2,sst2,33,0,"harris commands the screen, using his frailty to suggest the ravages of a life of corruption and ruthlessness. ","harris commands the screen, using his frailty to suggest the ravages of a life of corruption and ruthlessness. ",1.0,1.0,1.0,1,1.0,1.0,25,25
8bf39e48012a,hybrid_ce,gpt2,sst2,33,1,"it does nothing new with the old story, except to show fisticuffs in this sort of stop-go slow motion that makes the gang rumbles look like they're being streamed over a 28k modem. ","it does nothing new with the old story, except to show fisticuffs in this sort of stop-go slow motion that makes the gang rumbles look like they're being streamed over a 28k modem. ",1.0,1.0,1.0,1,1.0,1.0,43,43
8bf39e48012a,hybrid_ce,gpt2,sst2,34,0,"martin and barbara are complex characters -- sometimes tender, sometimes angry -- and the delicate performances by sven wollter and viveka seldahl make their hopes and frustrations vivid. ","martin and barbara are complex characters -- sometimes tender, sometimes angry -- and the delicate performances by sven wollter and viveka seldahl make their hopes and frustrations vivid. ",1.0,1.0,1.0,1,1.0,1.0,40,40
8bf39e48012a,hybrid_ce,gpt2,sst2,34,1,"as a first-time director, paxton has tapped something in himself as an actor that provides frailty with its dark soul. ","as a first-time director, paxton has tapped something in himself as an actor that provides frailty with its dark soul. ",1.0,1.0,1.0,1,1.0,1.0,27,27
8bf39e48012a,hybrid_ce,gpt2,sst2,35,0,"the result is a gaudy bag of stale candy, something from a halloween that died. ","the result is a gaudy bag of stale candy, something from a halloween that died. ",1.0,1.0,1.0,1,1.0,1.0,22,22
8bf39e48012a,hybrid_ce,gpt2,sst2,35,1,it is great summer fun to watch arnold and his buddy gerald bounce off a quirky cast of characters. ,it is great summer fun to watch arnold and his buddy gerald bounce off a quirky cast of characters. ,1.0,1.0,1.0,1,1.0,1.0,24,24
8bf39e48012a,hybrid_ce,gpt2,sst2,36,0,"the best revenge may just be living well because this film, unlike other dumas adaptations, is far more likened to a treasure than a lengthy jail sentence. ","the best revenge may just be living well because this film, unlike other dumas adaptations, is far more likened to a treasure than a lengthy jail sentence. ",1.0,1.0,1.0,1,1.0,1.0,33,33
8bf39e48012a,hybrid_ce,gpt2,sst2,36,1,"sticky sweet sentimentality, clumsy plotting and a rosily myopic view of life in the wwii-era mississippi delta undermine this adaptation. ","sticky sweet sentimentality, clumsy plotting and a rosily myopic view of life in the wwii-era mississippi delta undermine this adaptation. ",1.0,1.0,1.0,1,1.0,1.0,34,34
8bf39e48012a,hybrid_ce,gpt2,sst2,37,0,"even if you don't think ( kissinger's ) any more guilty of criminal activity than most contemporary statesmen, he 'd sure make a courtroom trial great fun to watch. ","even if you don't think ( kissinger's ) any more guilty of criminal activity than most contemporary statesmen, he 'd sure make a courtroom trial great fun to watch. ",1.0,1.0,1.0,1,1.0,1.0,37,37
8bf39e48012a,hybrid_ce,gpt2,sst2,37,1,"forced, familiar and thoroughly condescending. ","forced, familiar and thoroughly condescending. ",1.0,1.0,1.0,1,1.0,1.0,9,9
8bf39e48012a,hybrid_ce,gpt2,sst2,38,0,"this is a winning ensemble comedy that shows canadians can put gentle laughs and equally gentle sentiments on the button, just as easily as their counterparts anywhere else in the world. ","this is a winning ensemble comedy that shows canadians can put gentle laughs and equally gentle sentiments on the button, just as easily as their counterparts anywhere else in the world. ",1.0,1.0,1.0,1,1.0,1.0,36,36
8bf39e48012a,hybrid_ce,gpt2,sst2,38,1,"scores no points for originality, wit, or intelligence. ","scores no points for originality, wit, or intelligence. ",1.0,1.0,1.0,1,1.0,1.0,14,14
8bf39e48012a,hybrid_ce,gpt2,sst2,39,0,"an entertaining, colorful, action-filled crime story with an intimate heart. ","an entertaining, colorful, action-filled crime story with an intimate heart. ",1.0,1.0,1.0,1,1.0,1.0,16,16
8bf39e48012a,hybrid_ce,gpt2,sst2,39,1,manages to be sweet and wickedly satisfying at the same time. ,manages to be sweet and wickedly satisfying at the same time. ,1.0,1.0,1.0,1,1.0,1.0,15,15
8bf39e48012a,hybrid_ce,gpt2,sst2,40,0,i got a headache watching this meaningless downer. ,i got a headache watching this meaningless downer. ,1.0,1.0,1.0,1,1.0,1.0,11,11
8bf39e48012a,hybrid_ce,gpt2,sst2,40,1,it's a stunning lyrical work of considerable force and truth. ,it's a stunning lyrical work of considerable force and truth. ,1.0,1.0,1.0,1,1.0,1.0,14,14
8bf39e48012a,hybrid_ce,gpt2,sst2,41,0,"i've always dreamed of attending cannes, but after seeing this film, it's not that big a deal. ","i've always dreamed of attending cannes, but after seeing this film, it's not that big a deal. ",1.0,1.0,1.0,1,1.0,1.0,24,24
8bf39e48012a,hybrid_ce,gpt2,sst2,41,1,"so much facile technique, such cute ideas, so little movie. ","so much facile technique, such cute ideas, so little movie. ",1.0,1.0,1.0,1,1.0,1.0,15,15
8bf39e48012a,hybrid_ce,gpt2,sst2,42,0,"the movie is dawn of the dead crossed with john carpenter's ghosts of mars, with zombies not as ghoulish as the first and trains not as big as the second. ","the movie is dawn of the dead crossed with john carpenter's ghosts of mars, with zombies not as ghoulish as the first and trains not as big as the second. ",1.0,1.0,1.0,1,1.0,1.0,37,37
8bf39e48012a,hybrid_ce,gpt2,sst2,42,1,just not campy enough ,just not campy enough ,1.0,1.0,1.0,1,1.0,1.0,6,6
8bf39e48012a,hybrid_ce,gpt2,sst2,43,0,when leguizamo finally plugged an irritating character late in the movie. ,when leguizamo finally plugged an irritating character late in the movie. ,1.0,1.0,1.0,1,1.0,1.0,16,16
8bf39e48012a,hybrid_ce,gpt2,sst2,43,1,"visually imaginative, thematically instructive and thoroughly delightful, it takes us on a roller-coaster ride from innocence to experience without even a hint of that typical kiddie-flick sentimentality. ","visually imaginative, thematically instructive and thoroughly delightful, it takes us on a roller-coaster ride from innocence to experience without even a hint of that typical kiddie-flick sentimentality. ",1.0,1.0,1.0,1,1.0,1.0,43,43
8bf39e48012a,hybrid_ce,gpt2,sst2,44,0,"( e ) ventually, every idea in this film is flushed down the latrine of heroism. ","( e ) ventually, every idea in this film is flushed down the latrine of heroism. ",1.0,1.0,1.0,1,1.0,1.0,21,21
8bf39e48012a,hybrid_ce,gpt2,sst2,44,1,the story and structure are well-honed. ,the story and structure are well-honed. ,1.0,1.0,1.0,1,1.0,1.0,11,11
8bf39e48012a,hybrid_ce,gpt2,sst2,45,0,"for close to two hours the audience is forced to endure three terminally depressed, mostly inarticulate, hyper dysfunctional families for the price of one. ","for close to two hours the audience is forced to endure three terminally depressed, mostly inarticulate, hyper dysfunctional families for the price of one. ",1.0,1.0,1.0,1,1.0,1.0,32,32
8bf39e48012a,hybrid_ce,gpt2,sst2,45,1,a rarity among recent iranian films : it's a comedy full of gentle humor that chides the absurdity of its protagonist's plight. ,a rarity among recent iranian films : it's a comedy full of gentle humor that chides the absurdity of its protagonist's plight. ,1.0,1.0,1.0,1,1.0,1.0,28,28
8bf39e48012a,hybrid_ce,gpt2,sst2,46,0,"/ but daphne, you're too buff / fred thinks he's tough / and velma - wow, you've lost weight! ","/ but daphne, you're too buff / fred thinks he's tough / and velma - wow, you've lost weight! ",1.0,1.0,1.0,1,1.0,1.0,30,30
8bf39e48012a,hybrid_ce,gpt2,sst2,46,1,"`` mostly martha '' is a bright, light modern day family parable that wears its heart on its sleeve for all to see. ","`` mostly martha '' is a bright, light modern day family parable that wears its heart on its sleeve for all to see. ",1.0,1.0,1.0,1,1.0,1.0,28,28
8bf39e48012a,hybrid_ce,gpt2,sst2,47,0,a bloated gasbag thesis grotesquely impressed by its own gargantuan aura of self-importance... ,a bloated gasbag thesis grotesquely impressed by its own gargantuan aura of self-importance... ,1.0,1.0,1.0,1,1.0,1.0,22,22
8bf39e48012a,hybrid_ce,gpt2,sst2,47,1,"too slow, too long and too little happens. ","too slow, too long and too little happens. ",1.0,1.0,1.0,1,1.0,1.0,11,11
8bf39e48012a,hybrid_ce,gpt2,sst2,48,0,"not only are the special effects and narrative flow much improved, and daniel radcliffe more emotionally assertive this time around as harry, but the film conjures the magic of author j.k. rowling's books. ","not only are the special effects and narrative flow much improved, and daniel radcliffe more emotionally assertive this time around as harry, but the film conjures the magic of author j.k. rowling's books. ",1.0,1.0,1.0,1,1.0,1.0,47,47
8bf39e48012a,hybrid_ce,gpt2,sst2,48,1,has all the depth of a wading pool. ,has all the depth of a wading pool. ,1.0,1.0,1.0,1,1.0,1.0,11,11
8bf39e48012a,hybrid_ce,gpt2,sst2,49,0,"even in its most tedious scenes, russian ark is mesmerizing. ","even in its most tedious scenes, russian ark is mesmerizing. ",1.0,1.0,1.0,1,1.0,1.0,16,16
8bf39e48012a,hybrid_ce,gpt2,sst2,49,1,"on this tricky topic, tadpole is very much a step in the right direction, with its blend of frankness, civility and compassion. ","on this tricky topic, tadpole is very much a step in the right direction, with its blend of frankness, civility and compassion. ",1.0,1.0,1.0,1,1.0,1.0,30,30
8bf39e48012a,hybrid_ce,gpt2,sst2,50,0,candid and comfortable ; a film that deftly balances action and reflection as it lets you grasp and feel the passion others have for their work. ,candid and comfortable ; a film that deftly balances action and reflection as it lets you grasp and feel the passion others have for their work. ,1.0,1.0,1.0,1,1.0,1.0,30,30
8bf39e48012a,hybrid_ce,gpt2,sst2,50,1,"this is human comedy at its most amusing, interesting and confirming. ","this is human comedy at its most amusing, interesting and confirming. ",1.0,1.0,1.0,1,1.0,1.0,14,14
8bf39e48012a,hybrid_ce,gpt2,sst2,51,0,"in an effort, i suspect, not to offend by appearing either too serious or too lighthearted, it offends by just being wishy-washy. ","in an effort, i suspect, not to offend by appearing either too serious or too lighthearted, it offends by just being wishy-washy. ",1.0,1.0,1.0,1,1.0,1.0,33,33
8bf39e48012a,hybrid_ce,gpt2,sst2,51,1,you wonder why enough wasn't just a music video rather than a full-length movie. ,you wonder why enough wasn't just a music video rather than a full-length movie. ,1.0,1.0,1.0,1,1.0,1.0,19,19
8bf39e48012a,hybrid_ce,gpt2,sst2,52,0,"this is not the undisputed worst boxing movie ever, but it's certainly not a champion - the big loser is the audience. ","this is not the undisputed worst boxing movie ever, but it's certainly not a champion - the big loser is the audience. ",1.0,1.0,1.0,1,1.0,1.0,27,27
8bf39e48012a,hybrid_ce,gpt2,sst2,52,1,"... a fun little timewaster, helped especially by the cool presence of jean reno. ","... a fun little timewaster, helped especially by the cool presence of jean reno. ",1.0,1.0,1.0,1,1.0,1.0,21,21
8bf39e48012a,hybrid_ce,gpt2,sst2,53,0,"mcconaughey's fun to watch, the dragons are okay, not much fire in the script. ","mcconaughey's fun to watch, the dragons are okay, not much fire in the script. ",1.0,1.0,1.0,1,1.0,1.0,23,23
8bf39e48012a,hybrid_ce,gpt2,sst2,53,1,"there is nothing outstanding about this film, but it is good enough and will likely be appreciated most by sailors and folks who know their way around a submarine. ","there is nothing outstanding about this film, but it is good enough and will likely be appreciated most by sailors and folks who know their way around a submarine. ",1.0,1.0,1.0,1,1.0,1.0,32,32
8bf39e48012a,hybrid_ce,gpt2,sst2,54,0,"care deftly captures the wonder and menace of growing up, but he never really embraces the joy of fuhrman's destructive escapism or the grace-in-rebellion found by his characters. ","care deftly captures the wonder and menace of growing up, but he never really embraces the joy of fuhrman's destructive escapism or the grace-in-rebellion found by his characters. ",1.0,1.0,1.0,1,1.0,1.0,44,44
8bf39e48012a,hybrid_ce,gpt2,sst2,54,1,"less dizzying than just dizzy, the jaunt is practically over before it begins. ","less dizzying than just dizzy, the jaunt is practically over before it begins. ",1.0,1.0,1.0,1,1.0,1.0,19,19
8bf39e48012a,hybrid_ce,gpt2,sst2,55,0,a coarse and stupid gross-out. ,a coarse and stupid gross-out. ,1.0,1.0,1.0,1,1.0,1.0,9,9
8bf39e48012a,hybrid_ce,gpt2,sst2,55,1,serving sara doesn't serve up a whole lot of laughs. ,serving sara doesn't serve up a whole lot of laughs. ,1.0,1.0,1.0,1,1.0,1.0,14,14
8bf39e48012a,hybrid_ce,gpt2,sst2,56,0,"writer/director joe carnahan's grimy crime drama is a manual of precinct cliches, but it moves fast enough to cover its clunky dialogue and lapses in logic. ","writer/director joe carnahan's grimy crime drama is a manual of precinct cliches, but it moves fast enough to cover its clunky dialogue and lapses in logic. ",1.0,1.0,1.0,1,1.0,1.0,39,39
8bf39e48012a,hybrid_ce,gpt2,sst2,56,1,"this is an egotistical endeavor from the daughter of horror director dario argento ( a producer here ), but her raw performance and utter fearlessness make it strangely magnetic. ","this is an egotistical endeavor from the daughter of horror director dario argento ( a producer here ), but her raw performance and utter fearlessness make it strangely magnetic. ",1.0,1.0,1.0,1,1.0,1.0,36,36
8bf39e48012a,hybrid_ce,gpt2,sst2,57,0,the movie does a good job of laying out some of the major issues that we encounter as we journey through life. ,the movie does a good job of laying out some of the major issues that we encounter as we journey through life. ,1.0,1.0,1.0,1,1.0,1.0,24,24
8bf39e48012a,hybrid_ce,gpt2,sst2,57,1,a hamfisted romantic comedy that makes our girl the hapless facilitator of an extended cheap shot across the mason-dixon line. ,a hamfisted romantic comedy that makes our girl the hapless facilitator of an extended cheap shot across the mason-dixon line. ,1.0,1.0,1.0,1,1.0,1.0,30,30
8bf39e48012a,hybrid_ce,gpt2,sst2,58,0,"sustains its dreamlike glide through a succession of cheesy coincidences and voluptuous cheap effects, not the least of which is rebecca romijn-stamos. ","sustains its dreamlike glide through a succession of cheesy coincidences and voluptuous cheap effects, not the least of which is rebecca romijn-stamos. ",1.0,1.0,1.0,1,1.0,1.0,37,37
8bf39e48012a,hybrid_ce,gpt2,sst2,58,1,it inspires a continuing and deeply satisfying awareness of the best movies as monumental ` picture shows.',it inspires a continuing and deeply satisfying awareness of the best movies as monumental ` picture shows.',1.0,1.0,1.0,1,1.0,1.0,18,18
8bf39e48012a,hybrid_ce,gpt2,sst2,59,0,nothing is sacred in this gut-buster. ,nothing is sacred in this gut-buster. ,1.0,1.0,1.0,1,1.0,1.0,10,10
8bf39e48012a,hybrid_ce,gpt2,sst2,59,1,it's hampered by a lifetime-channel kind of plot and a lead actress who is out of her depth. ,it's hampered by a lifetime-channel kind of plot and a lead actress who is out of her depth. ,1.0,1.0,1.0,1,1.0,1.0,23,23
8bf39e48012a,hybrid_ce,gpt2,sst2,60,0,"and the lesson, in the end, is nothing new. ","and the lesson, in the end, is nothing new. ",1.0,1.0,1.0,1,1.0,1.0,13,13
8bf39e48012a,hybrid_ce,gpt2,sst2,60,1,"aside from minor tinkering, this is the same movie you probably loved in 1994, except that it looks even better. ","aside from minor tinkering, this is the same movie you probably loved in 1994, except that it looks even better. ",1.0,1.0,1.0,1,1.0,1.0,26,26
8bf39e48012a,hybrid_ce,gpt2,sst2,61,0,brilliantly explores the conflict between following one's heart and following the demands of tradition. ,brilliantly explores the conflict between following one's heart and following the demands of tradition. ,1.0,1.0,1.0,1,1.0,1.0,20,20
8bf39e48012a,hybrid_ce,gpt2,sst2,61,1,a rigorously structured and exquisitely filmed drama about a father and son connection that is a brief shooting star of love. ,a rigorously structured and exquisitely filmed drama about a father and son connection that is a brief shooting star of love. ,1.0,1.0,1.0,1,1.0,1.0,26,26
8bf39e48012a,hybrid_ce,gpt2,sst2,62,0,"it can not be enjoyed, even on the level that one enjoys a bad slasher flick, primarily because it is dull. ","it can not be enjoyed, even on the level that one enjoys a bad slasher flick, primarily because it is dull. ",1.0,1.0,1.0,1,1.0,1.0,26,26
8bf39e48012a,hybrid_ce,gpt2,sst2,62,1,a taut psychological thriller that doesn't waste a moment of its two-hour running time. ,a taut psychological thriller that doesn't waste a moment of its two-hour running time. ,1.0,1.0,1.0,1,1.0,1.0,20,20
8bf39e48012a,hybrid_ce,gpt2,sst2,63,0,"a study in shades of gray, offering itself up in subtle plot maneuvers... ","a study in shades of gray, offering itself up in subtle plot maneuvers... ",1.0,1.0,1.0,1,1.0,1.0,16,16
8bf39e48012a,hybrid_ce,gpt2,sst2,63,1,"the far future may be awesome to consider, but from period detail to matters of the heart, this film is most transporting when it stays put in the past. ","the far future may be awesome to consider, but from period detail to matters of the heart, this film is most transporting when it stays put in the past. ",1.0,1.0,1.0,1,1.0,1.0,33,33
8bf39e48012a,hybrid_ce,gpt2,sst2,64,0,"if the first men in black was money, the second is small change. ","if the first men in black was money, the second is small change. ",1.0,1.0,1.0,1,1.0,1.0,16,16
8bf39e48012a,hybrid_ce,gpt2,sst2,64,1,"charles'entertaining film chronicles seinfeld's return to stand-up comedy after the wrap of his legendary sitcom, alongside wannabe comic adams'attempts to get his shot at the big time. ","charles'entertaining film chronicles seinfeld's return to stand-up comedy after the wrap of his legendary sitcom, alongside wannabe comic adams'attempts to get his shot at the big time. ",1.0,1.0,1.0,1,1.0,1.0,47,47
8bf39e48012a,hybrid_ce,gpt2,sst2,65,0,"if the movie succeeds in instilling a wary sense of ` there but for the grace of god,'it is far too self-conscious to draw you deeply into its world. ","if the movie succeeds in instilling a wary sense of ` there but for the grace of god,'it is far too self-conscious to draw you deeply into its world. ",1.0,1.0,1.0,1,1.0,1.0,36,36
8bf39e48012a,hybrid_ce,gpt2,sst2,65,1,"... designed to provide a mix of smiles and tears, `` crossroads '' instead provokes a handful of unintentional howlers and numerous yawns. ","... designed to provide a mix of smiles and tears, `` crossroads '' instead provokes a handful of unintentional howlers and numerous yawns. ",1.0,1.0,1.0,1,1.0,1.0,30,30
8bf39e48012a,hybrid_ce,gpt2,sst2,66,0,"whether you like rap music or loathe it, you can't deny either the tragic loss of two young men in the prime of their talent or the power of this movie. ","whether you like rap music or loathe it, you can't deny either the tragic loss of two young men in the prime of their talent or the power of this movie. ",1.0,1.0,1.0,1,1.0,1.0,36,36
8bf39e48012a,hybrid_ce,gpt2,sst2,66,1,"with tightly organized efficiency, numerous flashbacks and a constant edge of tension, miller's film is one of 2002's involvingly adult surprises. ","with tightly organized efficiency, numerous flashbacks and a constant edge of tension, miller's film is one of 2002's involvingly adult surprises. ",1.0,1.0,1.0,1,1.0,1.0,29,29
8bf39e48012a,hybrid_ce,gpt2,sst2,67,0,the minor figures surrounding ( bobby )... form a gritty urban mosaic. ,the minor figures surrounding ( bobby )... form a gritty urban mosaic. ,1.0,1.0,1.0,1,1.0,1.0,16,16
8bf39e48012a,hybrid_ce,gpt2,sst2,67,1,"vera's three actors -- mollà, gil and bardem -- excel in insightful, empathetic performances. ","vera's three actors -- mollà, gil and bardem -- excel in insightful, empathetic performances. ",1.0,1.0,1.0,1,1.0,1.0,27,27
8bf39e48012a,hybrid_ce,gpt2,sst2,68,0,it's great escapist fun that recreates a place and time that will never happen again. ,it's great escapist fun that recreates a place and time that will never happen again. ,1.0,1.0,1.0,1,1.0,1.0,21,21
8bf39e48012a,hybrid_ce,gpt2,sst2,68,1,the son's room is a triumph of gentility that earns its moments of pathos. ,the son's room is a triumph of gentility that earns its moments of pathos. ,1.0,1.0,1.0,1,1.0,1.0,19,19
8bf39e48012a,hybrid_ce,gpt2,sst2,69,0,"but the power of these ( subjects ) is obscured by the majority of the film that shows a stationary camera on a subject that could be mistaken for giving a public oration, rather than contributing to a film's narrative. ","but the power of these ( subjects ) is obscured by the majority of the film that shows a stationary camera on a subject that could be mistaken for giving a public oration, rather than contributing to a film's narrative. ",1.0,1.0,1.0,1,1.0,1.0,45,45
8bf39e48012a,hybrid_ce,gpt2,sst2,69,1,it's one pussy-ass world when even killer-thrillers revolve around group therapy sessions. ,it's one pussy-ass world when even killer-thrillers revolve around group therapy sessions. ,1.0,1.0,1.0,1,1.0,1.0,22,22
8bf39e48012a,hybrid_ce,gpt2,sst2,70,0,stealing harvard aspires to comedic grand larceny but stands convicted of nothing more than petty theft of your time. ,stealing harvard aspires to comedic grand larceny but stands convicted of nothing more than petty theft of your time. ,1.0,1.0,1.0,1,1.0,1.0,26,26
8bf39e48012a,hybrid_ce,gpt2,sst2,70,1,light years / several warp speeds / levels and levels of dilithium crystals better than the pitiful insurrection. ,light years / several warp speeds / levels and levels of dilithium crystals better than the pitiful insurrection. ,1.0,1.0,1.0,1,1.0,1.0,23,23
8bf39e48012a,hybrid_ce,gpt2,sst2,71,0,"the director knows how to apply textural gloss, but his portrait of sex-as-war is strictly sitcom. ","the director knows how to apply textural gloss, but his portrait of sex-as-war is strictly sitcom. ",1.0,1.0,1.0,1,1.0,1.0,24,24
8bf39e48012a,hybrid_ce,gpt2,sst2,71,1,"so, too, is this comedy about mild culture clashing in today's new delhi. ","so, too, is this comedy about mild culture clashing in today's new delhi. ",1.0,1.0,1.0,1,1.0,1.0,20,20
8bf39e48012a,hybrid_ce,gpt2,sst2,72,0,"deliriously funny, fast and loose, accessible to the uninitiated, and full of surprises ","deliriously funny, fast and loose, accessible to the uninitiated, and full of surprises ",1.0,1.0,1.0,1,1.0,1.0,21,21
8bf39e48012a,hybrid_ce,gpt2,sst2,72,1,filmmakers who can deftly change moods are treasures and even marvels. ,filmmakers who can deftly change moods are treasures and even marvels. ,1.0,1.0,1.0,1,1.0,1.0,18,18
8bf39e48012a,hybrid_ce,gpt2,sst2,73,0,"although laced with humor and a few fanciful touches, the film is a refreshingly serious look at young women. ","although laced with humor and a few fanciful touches, the film is a refreshingly serious look at young women. ",1.0,1.0,1.0,1,1.0,1.0,24,24
8bf39e48012a,hybrid_ce,gpt2,sst2,73,1,so devoid of any kind of intelligible story that it makes films like xxx and collateral damage seem like thoughtful treatises ,so devoid of any kind of intelligible story that it makes films like xxx and collateral damage seem like thoughtful treatises ,1.0,1.0,1.0,1,1.0,1.0,25,25
8bf39e48012a,hybrid_ce,gpt2,sst2,74,0,"the film is beautifully mounted, but, more to the point, the issues are subtly presented, managing to walk a fine line with regard to the question of joan's madness. ","the film is beautifully mounted, but, more to the point, the issues are subtly presented, managing to walk a fine line with regard to the question of joan's madness. ",1.0,1.0,1.0,1,1.0,1.0,37,37
8bf39e48012a,hybrid_ce,gpt2,sst2,74,1,makes for a pretty unpleasant viewing experience. ,makes for a pretty unpleasant viewing experience. ,1.0,1.0,1.0,1,1.0,1.0,9,9
8bf39e48012a,hybrid_ce,gpt2,sst2,75,0,late marriage's stiffness is unlikely to demonstrate the emotional clout to sweep u.s. viewers off their feet. ,late marriage's stiffness is unlikely to demonstrate the emotional clout to sweep u.s. viewers off their feet. ,1.0,1.0,1.0,1,1.0,1.0,23,23
8bf39e48012a,hybrid_ce,gpt2,sst2,75,1,"no sophomore slump for director sam mendes, who segues from oscar winner to oscar-winning potential with a smooth sleight of hand. ","no sophomore slump for director sam mendes, who segues from oscar winner to oscar-winning potential with a smooth sleight of hand. ",1.0,1.0,1.0,1,1.0,1.0,32,32
8bf39e48012a,hybrid_ce,gpt2,sst2,76,0,"it's too self-important and plodding to be funny, and too clipped and abbreviated to be an epic. ","it's too self-important and plodding to be funny, and too clipped and abbreviated to be an epic. ",1.0,1.0,1.0,1,1.0,1.0,26,26
8bf39e48012a,hybrid_ce,gpt2,sst2,76,1,collateral damage finally delivers the goods for schwarzenegger fans. ,collateral damage finally delivers the goods for schwarzenegger fans. ,1.0,1.0,1.0,1,1.0,1.0,15,15
8bf39e48012a,hybrid_ce,gpt2,sst2,77,0,"... mafia, rap stars and hood rats butt their ugly heads in a regurgitation of cinematic violence that gives brutal birth to an unlikely, but likable, hero.'","... mafia, rap stars and hood rats butt their ugly heads in a regurgitation of cinematic violence that gives brutal birth to an unlikely, but likable, hero.'",1.0,1.0,1.0,1,1.0,1.0,34,34
8bf39e48012a,hybrid_ce,gpt2,sst2,77,1,detox is ultimately a pointless endeavor. ,detox is ultimately a pointless endeavor. ,1.0,1.0,1.0,1,1.0,1.0,9,9
8bf39e48012a,hybrid_ce,gpt2,sst2,78,0,"nicks, seemingly uncertain what's going to make people laugh, runs the gamut from stale parody to raunchy sex gags to formula romantic comedy. ","nicks, seemingly uncertain what's going to make people laugh, runs the gamut from stale parody to raunchy sex gags to formula romantic comedy. ",1.0,1.0,1.0,1,1.0,1.0,33,33
8bf39e48012a,hybrid_ce,gpt2,sst2,78,1,"the band's courage in the face of official repression is inspiring, especially for aging hippies ( this one included ). ","the band's courage in the face of official repression is inspiring, especially for aging hippies ( this one included ). ",1.0,1.0,1.0,1,1.0,1.0,24,24
8bf39e48012a,hybrid_ce,gpt2,sst2,79,0,the mesmerizing performances of the leads keep the film grounded and keep the audience riveted. ,the mesmerizing performances of the leads keep the film grounded and keep the audience riveted. ,1.0,1.0,1.0,1,1.0,1.0,19,19
8bf39e48012a,hybrid_ce,gpt2,sst2,79,1,"all that's missing is the spontaneity, originality and delight. ","all that's missing is the spontaneity, originality and delight. ",1.0,1.0,1.0,1,1.0,1.0,16,16
8bf39e48012a,hybrid_ce,gpt2,sst2,80,0,"portentous and pretentious, the weight of water is appropriately titled, given the heavy-handedness of it drama. ","portentous and pretentious, the weight of water is appropriately titled, given the heavy-handedness of it drama. ",1.0,1.0,1.0,1,1.0,1.0,26,26
8bf39e48012a,hybrid_ce,gpt2,sst2,80,1,"outer-space buffs might love this film, but others will find its pleasures intermittent. ","outer-space buffs might love this film, but others will find its pleasures intermittent. ",1.0,1.0,1.0,1,1.0,1.0,18,18
8bf39e48012a,hybrid_ce,gpt2,sst2,81,0,"offers very little genuine romance and even fewer laughs... a sad sitcom of a movie, largely devoid of charm. ","offers very little genuine romance and even fewer laughs... a sad sitcom of a movie, largely devoid of charm. ",1.0,1.0,1.0,1,1.0,1.0,24,24
8bf39e48012a,hybrid_ce,gpt2,sst2,81,1,every nanosecond of the the new guy reminds you that you could be doing something else far more pleasurable. ,every nanosecond of the the new guy reminds you that you could be doing something else far more pleasurable. ,1.0,1.0,1.0,1,1.0,1.0,24,24
8bf39e48012a,hybrid_ce,gpt2,sst2,82,0,"suffocated by its fussy script and uptight characters, this musty adaptation is all the more annoying since it's been packaged and sold back to us by hollywood. ","suffocated by its fussy script and uptight characters, this musty adaptation is all the more annoying since it's been packaged and sold back to us by hollywood. ",1.0,1.0,1.0,1,1.0,1.0,36,36
8bf39e48012a,hybrid_ce,gpt2,sst2,82,1,its well of thorn and vinegar ( and simple humanity ) has long been plundered by similar works featuring the insight and punch this picture so conspicuously lacks. ,its well of thorn and vinegar ( and simple humanity ) has long been plundered by similar works featuring the insight and punch this picture so conspicuously lacks. ,1.0,1.0,1.0,1,1.0,1.0,33,33
8bf39e48012a,hybrid_ce,gpt2,sst2,83,0,i had to look away - this was god awful. ,i had to look away - this was god awful. ,1.0,1.0,1.0,1,1.0,1.0,12,12
8bf39e48012a,hybrid_ce,gpt2,sst2,83,1,"drops you into a dizzying, volatile, pressure-cooker of a situation that quickly snowballs out of control, while focusing on the what much more than the why. ","drops you into a dizzying, volatile, pressure-cooker of a situation that quickly snowballs out of control, while focusing on the what much more than the why. ",1.0,1.0,1.0,1,1.0,1.0,36,36
8bf39e48012a,hybrid_ce,gpt2,sst2,84,0,it all adds up to good fun. ,it all adds up to good fun. ,1.0,1.0,1.0,1,1.0,1.0,9,9
8bf39e48012a,hybrid_ce,gpt2,sst2,84,1,"at its best, queen is campy fun like the vincent price horror classics of the '60s. ","at its best, queen is campy fun like the vincent price horror classics of the '60s. ",1.0,1.0,1.0,1,1.0,1.0,23,23
8bf39e48012a,hybrid_ce,gpt2,sst2,85,0,to say this was done better in wilder's some like it hot is like saying the sun rises in the east. ,to say this was done better in wilder's some like it hot is like saying the sun rises in the east. ,1.0,1.0,1.0,1,1.0,1.0,25,25
8bf39e48012a,hybrid_ce,gpt2,sst2,85,1,"when the film ended, i felt tired and drained and wanted to lie on my own deathbed for a while. ","when the film ended, i felt tired and drained and wanted to lie on my own deathbed for a while. ",1.0,1.0,1.0,1,1.0,1.0,24,24
8bf39e48012a,hybrid_ce,gpt2,sst2,86,0,"green might want to hang onto that ski mask, as robbery may be the only way to pay for his next project. ","green might want to hang onto that ski mask, as robbery may be the only way to pay for his next project. ",1.0,1.0,1.0,1,1.0,1.0,25,25
8bf39e48012a,hybrid_ce,gpt2,sst2,86,1,a film about a young man finding god that is accessible and touching to the marrow. ,a film about a young man finding god that is accessible and touching to the marrow. ,1.0,1.0,1.0,1,1.0,1.0,18,18
8bf39e48012a,hybrid_ce,gpt2,sst2,87,0,this flick is about as cool and crowd-pleasing as a documentary can get. ,this flick is about as cool and crowd-pleasing as a documentary can get. ,1.0,1.0,1.0,1,1.0,1.0,18,18
8bf39e48012a,hybrid_ce,gpt2,sst2,87,1,"although huppert's intensity and focus has a raw exhilaration about it, the piano teacher is anything but fun. ","although huppert's intensity and focus has a raw exhilaration about it, the piano teacher is anything but fun. ",1.0,1.0,1.0,1,1.0,1.0,25,25
8bf39e48012a,hybrid_ce,gpt2,sst2,88,0,"despite its title, punch-drunk love is never heavy-handed. ","despite its title, punch-drunk love is never heavy-handed. ",1.0,1.0,1.0,1,1.0,1.0,16,16
8bf39e48012a,hybrid_ce,gpt2,sst2,88,1,"movie fans, get ready to take off... the other direction. ","movie fans, get ready to take off... the other direction. ",1.0,1.0,1.0,1,1.0,1.0,14,14
8bf39e48012a,hybrid_ce,gpt2,sst2,89,0,i 'll bet the video game is a lot more fun than the film. ,i 'll bet the video game is a lot more fun than the film. ,1.0,1.0,1.0,1,1.0,1.0,17,17
8bf39e48012a,hybrid_ce,gpt2,sst2,89,1,a beguiling splash of pastel colors and prankish comedy from disney. ,a beguiling splash of pastel colors and prankish comedy from disney. ,1.0,1.0,1.0,1,1.0,1.0,18,18
8bf39e48012a,hybrid_ce,gpt2,sst2,90,0,a romantic comedy enriched by a sharp eye for manners and mores. ,a romantic comedy enriched by a sharp eye for manners and mores. ,1.0,1.0,1.0,1,1.0,1.0,15,15
8bf39e48012a,hybrid_ce,gpt2,sst2,90,1,made with no discernible craft and monstrously sanctimonious in dealing with childhood loss. ,made with no discernible craft and monstrously sanctimonious in dealing with childhood loss. ,1.0,1.0,1.0,1,1.0,1.0,19,19
8bf39e48012a,hybrid_ce,gpt2,sst2,91,0,"the humor is forced and heavy-handed, and occasionally simply unpleasant. ","the humor is forced and heavy-handed, and occasionally simply unpleasant. ",1.0,1.0,1.0,1,1.0,1.0,15,15
8bf39e48012a,hybrid_ce,gpt2,sst2,91,1,not since tom cruise in risky business has an actor made such a strong impression in his underwear. ,not since tom cruise in risky business has an actor made such a strong impression in his underwear. ,1.0,1.0,1.0,1,1.0,1.0,20,20
8bf39e48012a,hybrid_ce,gpt2,sst2,92,0,"while the ideas about techno-saturation are far from novel, they're presented with a wry dark humor. ","while the ideas about techno-saturation are far from novel, they're presented with a wry dark humor. ",1.0,1.0,1.0,1,1.0,1.0,24,24
8bf39e48012a,hybrid_ce,gpt2,sst2,92,1,"thanks to haynes'absolute control of the film's mood, and buoyed by three terrific performances, far from heaven actually pulls off this stylistic juggling act. ","thanks to haynes'absolute control of the film's mood, and buoyed by three terrific performances, far from heaven actually pulls off this stylistic juggling act. ",1.0,1.0,1.0,1,1.0,1.0,34,34
8bf39e48012a,hybrid_ce,gpt2,sst2,93,0,"may be far from the best of the series, but it's assured, wonderfully respectful of its past and thrilling enough to make it abundantly clear that this movie phenomenon has once again reinvented itself for a new generation. ","may be far from the best of the series, but it's assured, wonderfully respectful of its past and thrilling enough to make it abundantly clear that this movie phenomenon has once again reinvented itself for a new generation. ",1.0,1.0,1.0,1,1.0,1.0,44,44
8bf39e48012a,hybrid_ce,gpt2,sst2,93,1,the film's welcome breeziness and some unbelievably hilarious moments -- most portraying the idiocy of the film industry -- make it mostly worth the trip. ,the film's welcome breeziness and some unbelievably hilarious moments -- most portraying the idiocy of the film industry -- make it mostly worth the trip. ,1.0,1.0,1.0,1,1.0,1.0,31,31
8bf39e48012a,hybrid_ce,gpt2,sst2,94,0,"nelson's brutally unsentimental approach... sucks the humanity from the film, leaving behind an horrific but weirdly unemotional spectacle. ","nelson's brutally unsentimental approach... sucks the humanity from the film, leaving behind an horrific but weirdly unemotional spectacle. ",1.0,1.0,1.0,1,1.0,1.0,29,29
8bf39e48012a,hybrid_ce,gpt2,sst2,94,1,"a coda in every sense, the pinochet case splits time between a minute-by-minute account of the british court's extradition chess game and the regime's talking-head survivors. ","a coda in every sense, the pinochet case splits time between a minute-by-minute account of the british court's extradition chess game and the regime's talking-head survivors. ",1.0,1.0,1.0,1,1.0,1.0,41,41
8bf39e48012a,hybrid_ce,gpt2,sst2,95,0,` easily my choice for one of the year's best films.',` easily my choice for one of the year's best films.',1.0,1.0,1.0,1,1.0,1.0,13,13
8bf39e48012a,hybrid_ce,gpt2,sst2,95,1,"a spellbinding african film about the modern condition of rootlessness, a state experienced by millions around the globe. ","a spellbinding african film about the modern condition of rootlessness, a state experienced by millions around the globe. ",1.0,1.0,1.0,1,1.0,1.0,24,24
8bf39e48012a,hybrid_ce,gpt2,sst2,96,0,or doing last year's taxes with your ex-wife. ,or doing last year's taxes with your ex-wife. ,1.0,1.0,1.0,1,1.0,1.0,13,13
8bf39e48012a,hybrid_ce,gpt2,sst2,96,1,"impostor has a handful of thrilling moments and a couple of good performances, but the movie doesn't quite fly. ","impostor has a handful of thrilling moments and a couple of good performances, but the movie doesn't quite fly. ",1.0,1.0,1.0,1,1.0,1.0,25,25
8bf39e48012a,hybrid_ce,gpt2,sst2,97,0,a nightmare date with a half-formed wit done a great disservice by a lack of critical distance and a sad trust in liberal arts college bumper sticker platitudes. ,a nightmare date with a half-formed wit done a great disservice by a lack of critical distance and a sad trust in liberal arts college bumper sticker platitudes. ,1.0,1.0,1.0,1,1.0,1.0,34,34
8bf39e48012a,hybrid_ce,gpt2,sst2,97,1,the chateau cleverly probes the cross-cultural differences between gauls and yanks. ,the chateau cleverly probes the cross-cultural differences between gauls and yanks. ,1.0,1.0,1.0,1,1.0,1.0,21,21
8bf39e48012a,hybrid_ce,gpt2,sst2,98,0,"his last movie was poetically romantic and full of indelible images, but his latest has nothing going for it. ","his last movie was poetically romantic and full of indelible images, but his latest has nothing going for it. ",1.0,1.0,1.0,1,1.0,1.0,25,25
8bf39e48012a,hybrid_ce,gpt2,sst2,98,1,"at its worst, it implodes in a series of very bad special effects. ","at its worst, it implodes in a series of very bad special effects. ",1.0,1.0,1.0,1,1.0,1.0,17,17
8bf39e48012a,hybrid_ce,gpt2,sst2,99,0,chokes on its own depiction of upper-crust decorum. ,chokes on its own depiction of upper-crust decorum. ,1.0,1.0,1.0,1,1.0,1.0,15,15
8bf39e48012a,hybrid_ce,gpt2,sst2,99,1,"displaying about equal amounts of naiveté, passion and talent, beneath clouds establishes sen as a filmmaker of considerable potential. ","displaying about equal amounts of naiveté, passion and talent, beneath clouds establishes sen as a filmmaker of considerable potential. ",1.0,1.0,1.0,1,1.0,1.0,26,26
